order_id,customer_id,customer_name,shipment_date,product_id,order_date,product_description,quantity,unit_price
1065,1GQD01,G.Q. DEFENCE - MANUFACTURING,2014-01-31,486009,2014-01-24,"THREAD, NYLON - NATURAL",1,1000.0
1068,1GQD01,G.Q. DEFENCE - MANUFACTURING,2014-01-29,FG-002,2014-01-29,FG-002,1,1000.0
1156,1GQD01,G.Q. DEFENCE - MANUFACTURING,2014-05-08,FG-002,2014-05-08,FG-002,2,1000.0
1206,1GQD01,G.Q. DEFENCE - MANUFACTURING,2014-06-26,SF-001,2014-05-27,SF-001,100,300.0
1003,1GQD02,AIRBORNE SYSTEMS LTD,2014-08-28,1006,2014-01-15,L/RAFT SL31 Mk5D,2,100.0
1014,1GQD02,AIRBORNE SYSTEMS LTD,2014-02-14,1032,2014-01-15,SINGLE SEAT L/R STOWAGE LRU23P,1,1000.0
1120,1GQD02,AIRBORNE SYSTEMS LTD,2014-03-13,40880001,2014-03-06,BRACKET MOUNTING,5,238.06
1121,1GQD02,AIRBORNE SYSTEMS LTD,2014-03-10,1008,2014-02-01,L/RAFT SL30 Mk3 FINNISH A/FRCE,2,3000.0
1122,1GQD02,AIRBORNE SYSTEMS LTD,2014-04-10,1008,2014-03-31,L/RAFT SL30 Mk3 FINNISH A/FRCE,3,3000.0
1239,1GQD02,AIRBORNE SYSTEMS LTD,2014-08-28,1006,2014-01-15,L/RAFT SL31 Mk5D,1,100.0
1239,1GQD02,AIRBORNE SYSTEMS LTD,2014-08-28,FREIGHT,2014-01-15,Freight,1,250.0
1063,1RFD01,SURVITEC DUNMURRY,2014-05-30,1011,2014-01-21,L/RAFT LRU23P c/w BELLOW,5,600.0
1064,1RFD01,SURVITEC DUNMURRY,2014-02-27,8335,2014-01-21,SURVIVA  6TO/ 4/A/1/18/SoLaS,5,1435.0
1064,1RFD01,SURVITEC DUNMURRY,2014-02-27,33087,2014-01-21,AEROLITE 4F VAL153 FAR91,1,500.0
1086,1RFD01,SURVITEC DUNMURRY,2014-02-19,1009,2014-02-11,L/RAFT SL30 Mk2 (Packed),1,800.0
1247,1RFD01,SURVITEC DUNMURRY,2014-07-15,18717,2014-07-10,"CONTAINER MK15 SZ.6 ""A&B"" GREY",1,900.0
1079,1RFD02,R.F.D. LIMITED,2014-01-31,RM-003,2014-01-31,RM-003,1,160.0
1140,1RFD03,RFD LTD,2014-04-09,SF-001,2014-04-09,SF-001,1,300.0
1180,2BAL01,BALLONFABRIK SEE-UND,2014-05-22,1006,2014-05-22,L/RAFT SL31 Mk5D,1,2090.0
1030,2BAL01,BALLONFABRIK SEE-UND,2014-01-15,1012,2014-01-15,L/RAFT SS Mk15 Martin BakerCoC,1,13.33
1072,2BAL01,BALLONFABRIK SEE-UND,2014-02-04,RM-003,2014-01-31,RM-003,1,160.0
1072,2BAL01,BALLONFABRIK SEE-UND,2014-02-05,1015,2014-01-31,L/RAFT LRU23P CoC (FA18),1,700.0
1013,2BEA01,RFD BEAUFORT LTD,2014-08-27,1039,2014-01-15,L/RAFT SS Mk15 BAe Sys India,15,250.0
1084,2BEA01,RFD BEAUFORT LTD,2014-02-07,RM-003,2014-02-06,RM-003,1,150.0
1026,2BRE01,W.H.BRENNAN & CO PTE LTD,2014-05-30,66001,2014-01-15,UNIT MEANS OF RESCUE (UK),2,2100.0
1033,2BRE01,W.H.BRENNAN & CO PTE LTD,2014-04-07,8427,2014-01-16,SURVIVA  6TO/ 4/A/3/36/SLS -RR,1,1010.0
1036,2BRE01,W.H.BRENNAN & CO PTE LTD,2014-04-07,8427,2014-01-20,SURVIVA  6TO/ 4/A/3/36/SLS -RR,1,1010.0
1041,2BRE01,W.H.BRENNAN & CO PTE LTD,2014-06-06,43838002,2014-01-20,BAG VACUUM Valise 122 S'Board,5,950.0
1041,2BRE01,W.H.BRENNAN & CO PTE LTD,2014-06-06,43838001,2014-01-20,BAG VACUUM Valise 122 Port,5,350.0
1057,2BRE01,W.H.BRENNAN & CO PTE LTD,2014-05-30,56014,2014-01-20,"FERRYMAN  65/ 9/B/1/18/CoC ""A""",2,2605.0
1058,2BRE01,W.H.BRENNAN & CO PTE LTD,2014-07-10,13628,2014-01-20,SURVIVA 25DL/ 9/A/3/36/SoLaS,6,1350.0
1058,2BRE01,W.H.BRENNAN & CO PTE LTD,2014-07-10,13628,2014-01-20,SURVIVA 25DL/ 9/A/3/36/SoLaS,6,1350.0
1058,2BRE01,W.H.BRENNAN & CO PTE LTD,2014-08-08,13628,2014-01-20,SURVIVA 25DL/ 9/A/3/36/SoLaS,6,1350.0
1058,2BRE01,W.H.BRENNAN & CO PTE LTD,2014-09-10,13628,2014-01-20,SURVIVA 25DL/ 9/A/3/36/SoLaS,6,1350.0
1082,2BRE01,W.H.BRENNAN & CO PTE LTD,2014-04-24,A4414A,2014-02-04,L/JKT DEMONSTRATION MK20,100,36.25
1101,2BRE01,W.H.BRENNAN & CO PTE LTD,2014-05-29,981001,2014-02-28,PAD PROTECTION UPPER (ACR),2,700.0
1157,2BRE01,W.H.BRENNAN & CO PTE LTD,2014-05-29,13628,2014-05-19,SURVIVA 25DL/ 9/A/3/36/SoLaS,5,1300.0
1157,2BRE01,W.H.BRENNAN & CO PTE LTD,2014-05-29,13628,2014-05-19,SURVIVA 25DL/ 9/A/3/36/SoLaS,10,1250.0
1177,2BRE01,W.H.BRENNAN & CO PTE LTD,2014-06-27,13628,2014-05-22,SURVIVA 25DL/ 9/A/3/36/SoLaS,10,1550.0
1177,2BRE01,W.H.BRENNAN & CO PTE LTD,2014-06-27,1100000321,2014-05-22,ESR (SG)  6TO/ 4/A/1/36/SoLaS,5,325.0
1088,2BRE02,W H BRENNAN,2014-05-15,2217,2014-02-26,L/JKT  80MK2E +VALISE    R.M.N,10,1050.0
1089,2BRE02,W H BRENNAN,2014-05-08,2124,2014-02-26,L/JKT 102MK2BA PASS +VALISE BA,100,35.91
1225,2BRE02,W H BRENNAN,2015-05-08,8427,2013-01-29,SURVIVA  6TO/ 4/A/3/36/SLS -RR,1,533.33
1225,2BRE02,W H BRENNAN,2015-05-08,12590,2013-01-29,SURVIVA 20TO/ 9/A/3/36/SLS -RR,2,666.67
1225,2BRE02,W H BRENNAN,2015-05-08,12576,2013-01-29,SURVIVA 20DL/ 9/A/3/36/SoLaS,2,783.33
1242,2BRE03,W.H.BRENNAN,2014-06-16,13212,2014-06-11,SURVIVA 25DL/ 9/A/1/18/DUTCH,10,1000.0
1137,2BRE05,SURVITEC HONG KONG,2014-06-13,2124,2014-04-08,L/JKT 102MK2BA PASS +VALISE BA,200,50.0
1216,2CRE01,SS&D T/A CREWSAVER,2014-05-29,4181,2014-05-29,PACK EMERG H/C 14 W/WATER,3,1450.0
1223,2CRE01,SS&D T/A CREWSAVER,2014-05-29,4181,2014-05-29,PACK EMERG H/C 14 W/WATER,7,1450.0
1223,2CRE01,SS&D T/A CREWSAVER,2014-05-29,94119,2014-05-29,KIT BOWSING CARRIAGE ROPE,1,600.0
1235,2CRE01,SS&D T/A CREWSAVER,2014-05-30,2891009,2014-05-30,GASKET CYL'DER/INFLATOR 849AML,10,1300.0
1056,2DSB01,DEUTSCHE SCHLAUCHBOOT,2014-05-29,11577,2014-01-20,LR07 12DL/14s14/A/ 1/25/SoLaS,1,1842.0
1056,2DSB01,DEUTSCHE SCHLAUCHBOOT,2014-05-29,41491,2014-01-20,LR07 16DL/14s17/A/ 1/25/SoLaS,1,1991.0
1092,2EUR02,EUROVINIL SPA,2014-02-19,RM-001,2014-02-19,RM-001,2,74.67
1042,2INF01,RFD BEAUFORT INC,2014-05-30,51463001,2014-01-20,MARINE MkIV 12DL L/R TRAINING,1,1040.0
1032,2INF01,RFD BEAUFORT INC,2014-05-30,51463001,2014-01-16,MARINE MkIV 12DL L/R TRAINING,1,1040.0
1024,2RFD01,RFD (NEW ZEALAND) LTD,2014-01-15,1011,2014-01-15,L/RAFT LRU23P c/w BELLOW,150,600.0
1102,2RFD01,RFD (NEW ZEALAND) LTD,2014-05-19,2136,2014-02-28,L/JKT 102MK2BA PASS +VAL STD,150,37.5
1102,2RFD01,RFD (NEW ZEALAND) LTD,2014-05-19,2137,2014-02-28,L/JKT 102MK2BA CREW +VALISE  *,50,39.5
1102,2RFD01,RFD (NEW ZEALAND) LTD,2014-05-19,2143,2014-02-28,L/JKT 105MK1 INFANT +VALISE,15,42.0
1174,2RFD02,RFD (AUSTRALIA) PTY. LTD,2014-06-20,56001,2014-05-21,"FERRYMAN  65/ 9/E/1/18/DoT""A""",10,5000.0
1077,2RFD02,RFD (AUSTRALIA) PTY. LTD,2014-02-03,RM-004,2014-01-31,RM-004,1,40.0
1256,2RFD06,RFD WALES,2015-09-30,TEST 2,2015-09-15,Test Item,5,10.0
1107,2RFD09,RFD (NEW ZEALAND) LTD,2014-05-20,2136,2014-03-07,L/JKT 102MK2BA PASS +VAL STD,150,35.0
1107,2RFD09,RFD (NEW ZEALAND) LTD,2014-05-20,2137,2014-03-07,L/JKT 102MK2BA CREW +VALISE  *,50,37.5
1107,2RFD09,RFD (NEW ZEALAND) LTD,2014-05-20,2143,2014-03-07,L/JKT 105MK1 INFANT +VALISE,15,42.0
1111,2RFD10,RFD JAPAN LIMITED,2014-03-14,41398,2014-02-28,SURVIVA 16TO/ 7/A/1/18/SoLaS,5,1200.0
1111,2RFD10,RFD JAPAN LIMITED,2014-03-14,8335,2014-02-28,SURVIVA  6TO/ 4/A/1/18/SoLaS,1,895.0
1134,2SER01,SERVICE ONE ACCOUNT,2014-03-14,94046,2014-03-14,SPARES DRY SERV MES1Apk M-ARK2,2,1250.0
1134,2SER01,SERVICE ONE ACCOUNT,2014-03-14,94081,2014-03-14,SPARES POST-DEP VlseMis M-ARK2,1,1550.0
1134,2SER01,SERVICE ONE ACCOUNT,2014-03-14,51481001,2014-03-14,VALISE PANEL KIT M-ARK2,2,325.0
1134,2SER01,SERVICE ONE ACCOUNT,2014-03-14,51577011,2014-03-14,"BOARD,END ,VALISE,M-ARK MK2",4,1050.0
1134,2SER01,SERVICE ONE ACCOUNT,2014-03-14,51577012,2014-03-14,"BOARD,BASE,VALISE,M-ARK MK2",2,35.91
1134,2SER01,SERVICE ONE ACCOUNT,2014-03-14,94026,2014-03-14,KIT FIRING LINE VALISE M-ARK2,4,533.33
1134,2SER01,SERVICE ONE ACCOUNT,2014-03-14,60293001,2014-03-14,ERS CONTROL BOX ASSY M-ARK2,1,666.67
1134,2SER01,SERVICE ONE ACCOUNT,2014-03-14,60484002,2014-03-14,COVER ASSY.HPS WHT   M-ARK2 SM,2,783.33
1189,2SER01,SERVICE ONE ACCOUNT,2014-05-28,62099,2014-05-23,SPARES DRY SERVICE 430Pers APk,2,1000.0
1189,2SER01,SERVICE ONE ACCOUNT,2014-05-28,62104,2014-05-23,SPARES DRY SERVICE M'ARK/Cont.,10,50.0
1189,2SER01,SERVICE ONE ACCOUNT,2014-05-28,6729009,2014-05-23,POWER UNIT ASSY.MARINE RB2 RFD,17,1450.0
1189,2SER01,SERVICE ONE ACCOUNT,2014-05-28,10085001,2014-05-23,KIT REPAIR OUTFIT c/w BAG (PU),11,1450.0
1189,2SER01,SERVICE ONE ACCOUNT,2014-05-28,6484009,2014-05-23,KIT FIRST AID EEC Dir/DoT,10,600.0
1189,2SER01,SERVICE ONE ACCOUNT,2014-05-28,6973009,2014-05-23,TORCH 4 Year Life c/w Spare -,5,1300.0
1189,2SER01,SERVICE ONE ACCOUNT,2014-05-28,5163009,2014-05-23,SACHET WATER 500ML,400,1842.0
1189,2SER01,SERVICE ONE ACCOUNT,2014-05-28,6857009,2014-05-23,RATIONS L/RAFT 160.046/21/0,400,1991.0
1189,2SER01,SERVICE ONE ACCOUNT,2014-05-28,6087009,2014-05-23,HYDRO RELEASE H20 Sp MOUNTING,4,74.67
1189,2SER01,SERVICE ONE ACCOUNT,2014-05-28,7068009,2014-05-23,WIRE ROPE 10mm x  80m,2,1040.0
1189,2SER01,SERVICE ONE ACCOUNT,2014-05-28,2136011,2014-05-23,WEBBING  25mm TERYL 227kg UDYE,100,1040.0
1189,2SER01,SERVICE ONE ACCOUNT,2014-05-28,8009009,2014-05-23,"CAP SAFETY DK88,DK94,DK99 HEAD",50,600.0
1189,2SER01,SERVICE ONE ACCOUNT,2014-05-28,4834009,2014-05-23,TAPE CLOTH BACKED SA 100mm BLK,150,37.5
1189,2SER01,SERVICE ONE ACCOUNT,2014-05-28,8009009,2014-05-23,"CAP SAFETY DK88,DK94,DK99 HEAD",60,39.5
1189,2SER01,SERVICE ONE ACCOUNT,2014-05-28,8070009,2014-05-23,KIT SERVICE R.O.PUMP (BIOCIDE),7,42.0
1205,2SER01,SERVICE ONE ACCOUNT,2014-05-28,8220009,2014-05-27,PLUG TRANSIT/RECOIL (GIST),48,5000.0
1205,2SER01,SERVICE ONE ACCOUNT,2014-05-28,8322009,2014-05-27,DUST COVER L/F GIST (CYLS<20l),24,40.0
1236,2SER01,SERVICE ONE ACCOUNT,2014-05-30,94046,2013-07-31,SPARES DRY SERV MES1Apk M-ARK2,2,10.0
1236,2SER01,SERVICE ONE ACCOUNT,2014-05-30,94081,2013-07-31,SPARES POST-DEP VlseMis M-ARK2,1,35.0
1236,2SER01,SERVICE ONE ACCOUNT,2014-05-30,51481001,2013-07-31,VALISE PANEL KIT M-ARK2,2,37.5
1236,2SER01,SERVICE ONE ACCOUNT,2014-05-30,51577011,2013-07-31,"BOARD,END ,VALISE,M-ARK MK2",4,42.0
1236,2SER01,SERVICE ONE ACCOUNT,2014-05-30,51577012,2013-07-31,"BOARD,BASE,VALISE,M-ARK MK2",2,1200.0
1236,2SER01,SERVICE ONE ACCOUNT,2014-05-30,94026,2013-07-31,KIT FIRING LINE VALISE M-ARK2,2,895.0
1236,2SER01,SERVICE ONE ACCOUNT,2014-05-30,5121009,2013-07-31,PADDLE ONE-PIECE  815mm,4,1250.0
1236,2SER01,SERVICE ONE ACCOUNT,2014-05-30,60324001G,2013-07-31,VALISE FRAME ASSY GREY  M-ARK2,1,1550.0
1236,2SER01,SERVICE ONE ACCOUNT,2014-05-30,94018,2013-07-31,KIT VALISE FRAME 1 RAFT M-ARK2,1,325.0
1236,2SER01,SERVICE ONE ACCOUNT,2014-05-30,60319001,2013-07-31,LIFTING RESTRAINT ASSY M-ARK2,2,1050.0
1236,2SER01,SERVICE ONE ACCOUNT,2014-05-30,60490001,2013-07-31,POLE MAIN RESTRAINT M-ARK2,2,35.91
1050,2SUR03,SURVITEC SERV. & DISTRIB. LTD,2014-01-27,4819001,2014-01-20,LABEL S/A DATA,100,533.33
1050,2SUR03,SURVITEC SERV. & DISTRIB. LTD,2014-01-27,8010009,2014-01-20,"CABLE RELEASE, DK99 OP.HEAD",20,666.67
1050,2SUR03,SURVITEC SERV. & DISTRIB. LTD,2014-01-27,8413009,2014-01-20,SOLUTION TUBE  70ml A3703,100,783.33
1050,2SUR03,SURVITEC SERV. & DISTRIB. LTD,2014-01-27,5606009,2014-01-20,SEAL STRIP S/A GREY 10x 19mm,200,1000.0
1050,2SUR03,SURVITEC SERV. & DISTRIB. LTD,2014-01-27,5544009,2014-01-20,HOSE  790mm MARINE L/R Infl'on,25,50.0
1050,2SUR03,SURVITEC SERV. & DISTRIB. LTD,2014-01-27,6719009,2014-01-20,HOSE ASSY. 800mm THANNER,15,1450.0
1050,2SUR03,SURVITEC SERV. & DISTRIB. LTD,2014-01-27,20883001,2014-01-20,BLOCK PAINTER RETAINING+Hole,100,1450.0
1050,2SUR03,SURVITEC SERV. & DISTRIB. LTD,2014-01-27,15384001,2014-01-20,"TAPE S/A ""DO NOT REMOVE"" RFD",10,600.0
1050,2SUR03,SURVITEC SERV. & DISTRIB. LTD,2014-01-27,43858001,2014-01-20,CONTAINER ASSY.LIFERAFT IDENT.,40,1300.0
1050,2SUR03,SURVITEC SERV. & DISTRIB. LTD,2014-01-27,41423001,2014-01-20,STRAP & CRIMP 2.1MT D508 RFD,480,1842.0
1050,2SUR03,SURVITEC SERV. & DISTRIB. LTD,2014-01-27,21360011,2014-01-20,"LABEL S/A CONTAINER TYPE ""A""",50,1991.0
1050,2SUR03,SURVITEC SERV. & DISTRIB. LTD,2014-01-27,41941001,2014-01-20,LABEL S/A LOGO FERRYMAN,100,74.67
1050,2SUR03,SURVITEC SERV. & DISTRIB. LTD,2014-01-27,6231001,2014-01-20,LABEL S/A TRADEMARK `RFD',60,1040.0
1050,2SUR03,SURVITEC SERV. & DISTRIB. LTD,2014-01-27,42951001,2014-01-20,KIT S/A LABELS CONT'RS SURVIVA,60,1040.0
1050,2SUR03,SURVITEC SERV. & DISTRIB. LTD,2014-01-27,50067002,2014-01-20,PAD PROTECT INLET CHK VALVE,50,600.0
1050,2SUR03,SURVITEC SERV. & DISTRIB. LTD,2014-01-27,1999069,2014-01-20,COVER PROTECTION D40590,25,37.5
1050,2SUR03,SURVITEC SERV. & DISTRIB. LTD,2014-01-27,6457009,2014-01-20,MEMBRANE ASSY 250bar THANNER,100,39.5
1050,2SUR03,SURVITEC SERV. & DISTRIB. LTD,2014-01-27,15272021,2014-01-20,SACHET-PAINTER 28.0M/1818KG,6,42.0
1050,2SUR03,SURVITEC SERV. & DISTRIB. LTD,2014-01-27,8280009,2014-01-20,LAMP UNIT MARINE EXT. RL5   65,10,5000.0
1050,2SUR03,SURVITEC SERV. & DISTRIB. LTD,2014-01-27,E99182508,2014-01-20,SEAL O-RING 2037 EV,100,40.0
1050,2SUR03,SURVITEC SERV. & DISTRIB. LTD,2014-01-27,DSB80303360,2014-01-20,LOOP HAND COMP. (BAND RELEASE),100,10.0
1050,2SUR03,SURVITEC SERV. & DISTRIB. LTD,2014-01-27,21362001,2014-01-20,STRAP & CRIMP 3.5MT D508 RFD,240,35.0
1050,2SUR03,SURVITEC SERV. & DISTRIB. LTD,2014-01-27,6257009,2014-01-20,CAP SAFETY (THANNER DK88),100,37.5
1050,2SUR03,SURVITEC SERV. & DISTRIB. LTD,2014-01-27,1174009,2014-01-20,TABLET ANTI-SEASICK 60'S,120,42.0
1050,2SUR03,SURVITEC SERV. & DISTRIB. LTD,2014-01-27,6484009,2014-01-20,KIT FIRST AID EEC Dir/DoT,30,1200.0
1050,2SUR03,SURVITEC SERV. & DISTRIB. LTD,2014-01-27,5310027,2014-01-20,CARD LOG MARINE LIFERAFTS,20,895.0
1050,2SUR03,SURVITEC SERV. & DISTRIB. LTD,2014-01-27,6959009,2014-01-20,CORD P'ESTER 2250kg RFD1050(N),600,5000.0
1050,2SUR03,SURVITEC SERV. & DISTRIB. LTD,2014-01-27,15199001,2014-01-20,KIT FIRST AID *EN*,20,40.0
1050,2SUR03,SURVITEC SERV. & DISTRIB. LTD,2014-01-27,8217009,2014-01-20,BREAK STEM SEAL ASSY.(GIST),20,10.0
1050,2SUR03,SURVITEC SERV. & DISTRIB. LTD,2014-01-27,4694083,2014-01-20,COLD DIP TRANSPARENT 5 LTR CAN,1,35.0
1050,2SUR03,SURVITEC SERV. & DISTRIB. LTD,2014-01-27,4730009,2014-01-20,CORD P'ER 300kg 2'ry FIRING L.,200,37.5
1183,2SUR03,SURVITEC SERV. & DISTRIB. LTD,2014-05-23,99999114,2014-05-23,FEE - SERVICE STATION AUDIT,1,42.0
1045,2SUR08,SURVITEC SERV. & DISTRIB. LTD,2014-05-30,20983041,2014-01-20,CRADLE Mk10 Sz 6/7 LESS HRU,6,1200.0
1045,2SUR08,SURVITEC SERV. & DISTRIB. LTD,2014-05-30,5618009,2014-01-20,HYDRO RELEASE 4-100 PERS. MED,6,895.0
1040,2SUR11,SURVITEC BARCELONA,2014-01-27,1174009,2014-01-20,TABLET ANTI-SEASICK 60'S,50,2.7
1040,2SUR11,SURVITEC BARCELONA,2014-01-27,5720107,2014-01-20,BAILER JUG PVC 1 PINT,12,4.7
1040,2SUR11,SURVITEC BARCELONA,2014-01-27,6484009,2014-01-20,KIT FIRST AID EEC Dir/DoT,60,32.16
1040,2SUR11,SURVITEC BARCELONA,2014-01-27,15199001,2014-01-20,KIT FIRST AID *EN*,32,17.42
1040,2SUR11,SURVITEC BARCELONA,2014-01-27,5606009,2014-01-20,SEAL STRIP S/A GREY 10x 19mm,50,3.23
1040,2SUR11,SURVITEC BARCELONA,2014-01-27,15384001,2014-01-20,"TAPE S/A ""DO NOT REMOVE"" RFD",30,15.29
1040,2SUR11,SURVITEC BARCELONA,2014-01-27,20883001,2014-01-20,BLOCK PAINTER RETAINING+Hole,100,3.02
1040,2SUR11,SURVITEC BARCELONA,2014-01-27,21061001,2014-01-20,STRAP & CRIMP 2.5MT D506 H/DUY,144,3.05
1040,2SUR11,SURVITEC BARCELONA,2014-01-27,21196001,2014-01-20,LABEL MAX DROP/PAINTER LENGTH,15,1.62
1040,2SUR11,SURVITEC BARCELONA,2014-01-27,41952001,2014-01-20,LABEL S/A LAUNCH PROC.FERRYMAN,10,4.92
1040,2SUR11,SURVITEC BARCELONA,2014-01-27,1999069,2014-01-20,COVER PROTECTION D40590,15,2.66
1040,2SUR11,SURVITEC BARCELONA,2014-01-27,6257009,2014-01-20,CAP SAFETY (THANNER DK88),20,4.1
1040,2SUR11,SURVITEC BARCELONA,2014-01-27,4929009,2014-01-20,ADHESIVE POLYCHLOROPRENE 1 Ltr,2,18.5
1040,2SUR11,SURVITEC BARCELONA,2014-01-27,8413009,2014-01-20,SOLUTION TUBE  70ml A3703,50,5.08
1040,2SUR11,SURVITEC BARCELONA,2014-01-27,3820009,2014-01-20,FAB RFD 526    ORG 1540 1N1NE,1,10.46
1040,2SUR11,SURVITEC BARCELONA,2014-01-27,15323121,2014-01-20,SACHET ASSY.PAINTER 35M/1818KG,1,144.18
1040,2SUR11,SURVITEC BARCELONA,2014-01-27,8414009,2014-01-20,RING 'O' 7.65ID x 1.78mm SECT,10,0.37
1040,2SUR11,SURVITEC BARCELONA,2014-01-27,8203009,2014-01-20,UNION PUSH-FIT VALVE INLET,4,3.78
1040,2SUR11,SURVITEC BARCELONA,2014-01-27,DSB00202430,2014-01-20,FAB CANOPY 400 ORANGE,1,5.41
1040,2SUR11,SURVITEC BARCELONA,2014-01-27,DSB00220020,2014-01-20,FAB NK 205/2 BLACK 178g/m2,1,19.36
1040,2SUR11,SURVITEC BARCELONA,2014-01-27,41423001,2014-01-20,STRAP & CRIMP 2.1MT D508 RFD,480,2.08
1040,2SUR11,SURVITEC BARCELONA,2014-01-27,50450001,2014-01-20,SLEEVE PROTECTIVE CRIMP,200,0.82
1040,2SUR11,SURVITEC BARCELONA,2014-01-27,50067002,2014-01-20,PAD PROTECT INLET CHK VALVE,10,1.22
1040,2SUR11,SURVITEC BARCELONA,2014-01-27,8718009,2014-01-20,HOSE ASSY. 800mm GIST DBL.RT.L,6,18.98
1040,2SUR11,SURVITEC BARCELONA,2014-01-27,8255009,2014-01-20,HOSE ASSY. 800mm GIST SGL.RT.L,3,19.68
1040,2SUR11,SURVITEC BARCELONA,2014-01-27,8787009,2014-01-20,RING 'O' 13.1ID x 1.6mm SECT,20,2.08
1040,2SUR11,SURVITEC BARCELONA,2014-01-27,41674001,2014-01-20,LABEL CYLINDER IDENTITY S/A,20,0.82
1040,2SUR11,SURVITEC BARCELONA,2014-01-27,50067003,2014-01-20,PAD PROTECT OP.HD. I/BOARD,10,1.22
1040,2SUR11,SURVITEC BARCELONA,2014-01-27,8719009,2014-01-20,UNION PUSH-FIT VALVE CYL. END,10,18.98
1040,2SUR11,SURVITEC BARCELONA,2014-02-28,E15119020,2014-01-20,LABEL S/A DATA SURVITEC,10,1.1
1040,2SUR11,SURVITEC BARCELONA,2014-01-27,8217009,2014-01-20,BREAK STEM SEAL ASSY.(GIST),5,3.05
1148,2SUR11,SURVITEC BARCELONA,2014-05-02,6913009,2014-04-29,LAMP UNIT MARINE EXT. RL4 1500,1,1.62
1149,2SUR11,SURVITEC BARCELONA,2014-05-02,6913009,2014-04-29,LAMP UNIT MARINE EXT. RL4 1500,2,4.92
1191,2SUR11,SURVITEC BARCELONA,2014-05-02,6913009,2014-04-29,LAMP UNIT MARINE EXT. RL4 1500,1,2.66
1201,2SUR12,SURVITEC SERV. & DISTRIB. LTD,2014-05-26,99999114,2014-05-26,FEE - SERVICE STATION AUDIT,1,4.1
1201,2SUR12,SURVITEC SERV. & DISTRIB. LTD,2014-05-26,99999114,2014-05-26,FEE - SERVICE STATION AUDIT,1,4.1
1150,2SUR13,SURVITEC JACKSONVILLE,2014-05-30,8294,2014-04-29,SSP  6TO/3/A/10/18/USA sls,25,1414.11
1150,2SUR13,SURVITEC JACKSONVILLE,2014-05-30,00007141SA,2014-04-29,KIT REVERE  4TO/ 1/*/10/18/USA,15,325.0
1043,2SUR14,SURVITEC GLOBAL SOLUTIONS LTD,2014-04-25,1100000321,2014-01-20,ESR (SG)  6TO/ 4/A/1/36/SoLaS,10,1272.0
1178,2SUR14,SURVITEC GLOBAL SOLUTIONS LTD,2014-06-14,1100000321,2014-05-22,ESR (SG)  6TO/ 4/A/1/36/SoLaS,4,1272.0
1090,3ADA01,ADAMS AVIATION SUPPLY CO. LTD,2014-02-27,4335,2014-02-26,PACK EMERG FAR 135 (EC-175),5,500.0
1090,3ADA01,ADAMS AVIATION SUPPLY CO. LTD,2014-02-27,00008359SA,2014-02-26,SURVIVA  6TO/ 4/A/1/36/SoLaS,4,2000.0
1209,3ADA01,ADAMS AVIATION SUPPLY CO. LTD,2014-05-30,A346600A00,2014-05-28,COT SURVIVAL Mk4,10,325.0
1233,3ADA02,L. ADAMS LTD,2014-05-29,1010,2014-05-29,L/RAFT SL30 Mk4 (Packed),2,2345.0
1234,3ADA02,L. ADAMS LTD,2014-05-29,1010,2014-05-29,L/RAFT SL30 Mk4 (Packed),2,1000.0
1074,3AEM01,AEM LIMITED,2014-02-01,FG-002,2014-01-31,FG-002,1,1000.0
1076,3AER03,AEROSTOCKS LTD,2014-02-05,RM-002,2014-01-31,RM-002,1,2345.0
1078,3AER06,AEROSPHERES UK LTD,2014-02-07,FG-002,2014-01-31,FG-002,2,1000.0
1151,3BRI03,BRITISH AIRWAYS (B>CAL.DIV.,2014-05-08,1012,2014-04-30,L/RAFT SS Mk15 Martin BakerCoC,10,1000.0
1037,3BRI04,BRITISH AIRWAYS PLC,2014-04-23,A4414A,2014-01-20,L/JKT DEMONSTRATION MK20,150,27.45
1114,3BRI04,BRITISH AIRWAYS PLC,2014-04-01,2124,2014-03-10,L/JKT 102MK2BA PASS +VALISE BA,500,32.5
1211,3BRI04,BRITISH AIRWAYS PLC,2014-06-27,A4414A,2014-05-28,L/JKT DEMONSTRATION MK20,10,39.0
1211,3BRI04,BRITISH AIRWAYS PLC,2014-06-27,2136,2014-05-28,L/JKT 102MK2BA PASS +VAL STD,25,39.0
1211,3BRI04,BRITISH AIRWAYS PLC,2014-06-27,A312305A01RFD,2014-05-28,L/JKT Mk20 PASSENGER TT,100,41.5
1211,3BRI04,BRITISH AIRWAYS PLC,2014-06-27,B1876A,2014-05-28,VALISE L/J SEALED PASS (ADULT),100,55.45
1034,3BRI35,BRISTOW HELICOPTERS LTD,2014-02-18,5804084,2014-01-16,CONT. EMERGENCY AIDS A-11031,10,50.52
1081,3CRU01,CRUISE LOCH LOMOND LTD,2014-02-03,FG-001,2014-01-31,FG-001,1,200.0
1051,3DAE01,DAECO LTD,2014-01-24,6096009,2014-01-20,BATTERY SEACELL L8S,50,55.45
1012,3EUR04,EUROCOPTER UK LTD,2014-05-25,1039,2014-01-15,L/RAFT SS Mk15 BAe Sys India,2,250.0
1253,3EUR04,EUROCOPTER UK LTD,2015-03-20,BT36,2015-01-20,SEALIGHT ASSY L/JKTS,1,30.0
1091,3FPT01,FPT INDUSTRIES LTD,2014-07-31,51287,2014-02-19,L/R F14R VAL 124MK2-S CANADA,1,6665.33
1091,3FPT01,FPT INDUSTRIES LTD,2014-07-31,51286,2014-02-19,L/R F14R VAL 124MK2-P CANADA,1,6665.33
1091,3FPT01,FPT INDUSTRIES LTD,2014-07-31,51281,2014-02-19,L/R F14R VAL 124MK2-S FAR-135,1,6665.33
1091,3FPT01,FPT INDUSTRIES LTD,2014-07-31,51287,2014-02-19,L/R F14R VAL 124MK2-S CANADA,4,6665.33
1105,3OCE01,OCEAN AIR LTD,2014-05-22,08211009R,2014-02-28,HEAD OPER'G LEAF'D GIST STD,50,50.0
1044,3SKY01,SKY WHEELS GROUP LTD,2014-06-16,11164009,2014-01-20,SEALIGHT ASSY L/JKTS (TSO C85),22,6.96
1044,3SKY01,SKY WHEELS GROUP LTD,2014-06-16,B1876A,2014-01-20,VALISE L/J SEALED PASS (ADULT),20,10.35
1044,3SKY01,SKY WHEELS GROUP LTD,2014-06-16,42542001,2014-01-20,VALISE L/J Tamper Proof AD/CH,40,8.95
1048,3TEC03,TECHTOOLS (MORDEN) LTD,2014-04-01,50864001,2014-01-20,SURVIVA MK4 12DL L/RAFT MED,1,1090.91
1059,4DAI02,AIRBUS OPERATIONS GMBH,2014-03-25,A316102A00RFD,2014-01-20,L/JKT Mk22 INFANT BKL,2,93.95
1059,4DAI02,AIRBUS OPERATIONS GMBH,2014-03-25,B1874B,2014-01-20,VALISE L/J SEALED INFANT BKL,2,42.5
1168,4DAI02,AIRBUS OPERATIONS GMBH,2014-07-02,A346600A00,2014-05-20,COT SURVIVAL Mk4,8,295.0
1168,4DAI02,AIRBUS OPERATIONS GMBH,2014-07-02,2260,2014-05-20,L/JKT 105MK1 INFANT +VALISEtam,10,26.5
1169,4DAI02,AIRBUS OPERATIONS GMBH,2014-06-11,2136,2014-05-20,L/JKT 102MK2BA PASS +VAL STD,40,35.0
1170,4DAI02,AIRBUS OPERATIONS GMBH,2014-06-19,2136,2014-05-20,L/JKT 102MK2BA PASS +VAL STD,60,42.5
1171,4DAI02,AIRBUS OPERATIONS GMBH,2014-07-02,2123,2014-05-20,L/JKT 102Mk2BA CREW VALTamp BA,75,42.5
1207,4DAI02,AIRBUS OPERATIONS GMBH,2014-07-03,2123,2014-05-20,L/JKT 102Mk2BA CREW VALTamp BA,110,1702.0
1208,4DAI02,AIRBUS OPERATIONS GMBH,2014-07-03,2123,2014-05-20,L/JKT 102Mk2BA CREW VALTamp BA,85,44.0
1208,4DAI02,AIRBUS OPERATIONS GMBH,2014-07-03,2408,2014-05-20,L/JKT 102MK3 AD/CH Faa 10yr,225,12.0
1054,4HEL01,HELI-ONE (NORWAY) AS,2014-02-07,40184001,2014-01-20,BAG VACUUM 76S & 76P,5,22.63
1054,4HEL01,HELI-ONE (NORWAY) AS,2014-02-07,5850009,2014-01-20,SEAL WK37558 (FOR A1 VALVE),2,44.87
1054,4HEL01,HELI-ONE (NORWAY) AS,2014-02-07,40182001,2014-01-20,LINE MOORING SHORT Complete,10,17.28
1195,4HEL01,HELI-ONE (NORWAY) AS,2014-06-18,41994001,2014-05-26,BAG VACUUM SUPER PUMA MK 2,10,12.45
1196,4HEL01,HELI-ONE (NORWAY) AS,2014-06-19,10085003,2014-05-26,KIT REPAIR OUTFIT c/w BAG (NR),20,19.0
1197,4HEL01,HELI-ONE (NORWAY) AS,2014-06-12,41999002,2014-05-26,STRAP CYLINDER RET'ION 610mm,2,18.0
1021,36954,MARITA HELLAS SA,2014-05-22,5502009,2014-01-15,CORD P'ESTER 16Plt 10mm RED,300,3.09
1021,36954,MARITA HELLAS SA,2014-05-22,5502009,2014-01-15,CORD P'ESTER 16Plt 10mm RED,300,0.4
1021,36954,MARITA HELLAS SA,2014-05-22,20815001,2014-01-15,HANDLE 457MM,30,5.44
1021,36954,MARITA HELLAS SA,2014-05-22,43392001,2014-01-15,COVER PROTECTION VALVEmarark O,30,0.06
1055,4SMB01,SMBC AVAITION CAPITAL LIMITED,2014-05-26,A346600A00,2014-01-20,COT SURVIVAL Mk4,5,1054.0
1254,4SOD01,SODIP S.A.R.L.,2015-02-28,1011,2015-01-30,L/RAFT LRU23P c/w BELLOW,2,30.0
1254,4SOD01,SODIP S.A.R.L.,2015-02-28,1009,2015-01-30,L/RAFT SL30 Mk2 (Packed),5,89.0
1023,4WIL05,UNITOR SHIPS SERVICE BV,2014-05-20,94046,2014-01-15,SPARES DRY SERV MES1Apk M-ARK2,1,1874.0
1060,6LID01,LIDER,2014-02-14,51166,2014-01-20,L/R F10R Val122P FAR135.167,2,5502.67
1160,6PRI02,PRINCESS CRUISES,2014-05-23,99999178,2014-05-20,MARINARK General Travel Costs,2,1333.33
1160,6PRI02,PRINCESS CRUISES,2014-05-23,99999197,2014-05-20,MARINARK SERVICE DRY 430,2,20013.33
1160,6PRI02,PRINCESS CRUISES,2014-05-23,99999198,2014-05-20,MARINARK SERVICE WET 430,2,20013.33
1160,6PRI02,PRINCESS CRUISES,2014-05-23,99999203,2014-05-20,MARINARK SERVICE 109 O/C,7,2100.0
1160,6PRI02,PRINCESS CRUISES,2014-05-23,99999177,2014-05-20,MARINARK General Engineer Supp,10,33.33
1173,7BOC02,BOC AVIATION (CAYMAN) LIMITED,2014-07-08,44563001,2014-05-20,L/JKT DEMONSTRATION 102Mk3 Bkl,4,20.0
1173,7BOC02,BOC AVIATION (CAYMAN) LIMITED,2014-07-08,2293,2014-05-20,L/JKT 105mk1 INFANT Faa 10yrGE,8,20.8
1173,7BOC02,BOC AVIATION (CAYMAN) LIMITED,2014-07-08,FREIGHT,2014-05-20,Freight,1,4184.0
1210,7CAT01,CATHAY PACIFIC AIRWAYS LTD,2014-05-29,A346600A00,2014-05-28,COT SURVIVAL Mk4,15,325.0
1215,7CAT01,CATHAY PACIFIC AIRWAYS LTD,2014-06-05,A346600A00,2014-05-28,COT SURVIVAL Mk4,15,145.0
1046,7DAE04,DAEWOO SHIPBUILDING AND MARINE,2015-07-10,8335,2014-01-20,SURVIVA  6TO/ 4/A/1/18/SoLaS,4,1010.0
1046,7DAE04,DAEWOO SHIPBUILDING AND MARINE,2015-07-10,12490,2014-01-20,SURVIVA 20TO/ 9/A/1/18/SoLaS,4,1250.0
1046,7DAE04,DAEWOO SHIPBUILDING AND MARINE,2015-07-10,20983081,2014-01-20,CRADLE Mk10 Sz 4 LESS HRU,4,154.0
1046,7DAE04,DAEWOO SHIPBUILDING AND MARINE,2015-07-10,20983061,2014-01-20,CRADLE Mk10 Sz 9 LESS HRU,4,597.0
1046,7DAE04,DAEWOO SHIPBUILDING AND MARINE,2015-07-10,5618009,2014-01-20,HYDRO RELEASE 4-100 PERS. MED,4,64.0
1108,7EMI01,EMIRATES,2014-05-29,A346600A00,2014-03-07,COT SURVIVAL Mk4,10,230.0
1049,7HAN02,HANJIN HEAVY INDUSTRIES,2016-03-21,8359,2014-01-20,SURVIVA  6TO/ 4/A/1/36/SoLaS,1,710.0
1049,7HAN02,HANJIN HEAVY INDUSTRIES,2016-03-21,13563,2014-01-20,SURVIVA 25TO/ 9/A/1/36/SoLaS,2,1170.0
1049,7HAN02,HANJIN HEAVY INDUSTRIES,2016-03-21,20983081,2014-01-20,CRADLE Mk10 Sz 4 LESS HRU,1,145.0
1049,7HAN02,HANJIN HEAVY INDUSTRIES,2016-03-21,20983061,2014-01-20,CRADLE Mk10 Sz 9 LESS HRU,2,647.0
1049,7HAN02,HANJIN HEAVY INDUSTRIES,2016-03-21,5618009,2014-01-20,HYDRO RELEASE 4-100 PERS. MED,2,465.0
1117,7HYU02,HYUNDAI HEAVY INDUSTRIES LTD.,2015-02-06,8359,2014-03-06,SURVIVA  6TO/ 4/A/1/36/SoLaS,1,1000.0
1117,7HYU02,HYUNDAI HEAVY INDUSTRIES LTD.,2015-02-06,41406,2014-03-06,SURVIVA 16TO/ 7/A/1/36/SoLaS,4,1500.0
1117,7HYU02,HYUNDAI HEAVY INDUSTRIES LTD.,2015-02-06,20983081,2014-03-06,CRADLE Mk10 Sz 4 LESS HRU,1,6548.0
1117,7HYU02,HYUNDAI HEAVY INDUSTRIES LTD.,2015-02-06,5618009,2014-03-06,HYDRO RELEASE 4-100 PERS. MED,4,541.0
1182,7SAK01,SAKO TRADING COMPANY,2014-06-21,8355,2014-05-22,SURVIVA  6TO/ 4/A/3/18/SoLaS,5,875.0
1182,7SAK01,SAKO TRADING COMPANY,2014-06-21,FREIGHT,2014-05-22,Freight,1,250.0
1213,7SAK01,SAKO TRADING COMPANY,2014-06-20,8355,2014-05-22,SURVIVA  6TO/ 4/A/3/18/SoLaS,5,548.0
1228,7SMS01,SMS SOLUTION CO.,2015-07-31,8359,2014-01-17,SURVIVA  6TO/ 4/A/1/36/SoLaS,1,600.0
1228,7SMS01,SMS SOLUTION CO.,2015-07-31,41406,2014-01-17,SURVIVA 16TO/ 7/A/1/36/SoLaS,4,850.0
1228,7SMS01,SMS SOLUTION CO.,2015-07-31,20983081,2014-01-17,CRADLE Mk10 Sz 4 LESS HRU,1,142.0
1228,7SMS01,SMS SOLUTION CO.,2015-07-31,20983041,2014-01-17,CRADLE Mk10 Sz 6/7 LESS HRU,4,1547.0
1228,7SMS01,SMS SOLUTION CO.,2015-07-31,5618009,2014-01-17,HYDRO RELEASE 4-100 PERS. MED,4,455.0
1119,7SPP01,SPP SHIPBUILDING CO.,2015-04-10,8359,2014-03-06,SURVIVA  6TO/ 4/A/1/36/SoLaS,1,1000.0
1119,7SPP01,SPP SHIPBUILDING CO.,2015-04-10,41406,2014-03-06,SURVIVA 16TO/ 7/A/1/36/SoLaS,4,1500.0
1119,7SPP01,SPP SHIPBUILDING CO.,2015-04-10,20983081,2014-03-06,CRADLE Mk10 Sz 4 LESS HRU,1,154.0
1119,7SPP01,SPP SHIPBUILDING CO.,2015-04-10,20983041,2014-03-06,CRADLE Mk10 Sz 6/7 LESS HRU,4,597.0
1119,7SPP01,SPP SHIPBUILDING CO.,2015-04-10,5618009,2014-03-06,HYDRO RELEASE 4-100 PERS. MED,4,64.0
1031,7SPP01,SPP SHIPBUILDING CO.,2014-04-18,20983041,2014-01-16,CRADLE Mk10 Sz 6/7 LESS HRU,4,33.33
1031,7SPP01,SPP SHIPBUILDING CO.,2014-04-18,41406,2014-01-16,SURVIVA 16TO/ 7/A/1/36/SoLaS,4,733.33
1031,7SPP01,SPP SHIPBUILDING CO.,2014-04-18,5618009,2014-01-16,HYDRO RELEASE 4-100 PERS. MED,4,20.0
1031,7SPP01,SPP SHIPBUILDING CO.,2014-04-18,5618009,2014-01-16,HYDRO RELEASE 4-100 PERS. MED,4,20.0
1031,7SPP01,SPP SHIPBUILDING CO.,2014-04-18,20983081,2014-01-16,CRADLE Mk10 Sz 4 LESS HRU,1,33.33
1229,7SPP01,SPP SHIPBUILDING CO.,2015-05-08,41409,2014-02-25,SURVIVA 16TO/ 6/B+/1/25/SBG,4,716.67
1229,7SPP01,SPP SHIPBUILDING CO.,2015-05-08,20983081,2014-02-25,CRADLE Mk10 Sz 4 LESS HRU,1,154.0
1229,7SPP01,SPP SHIPBUILDING CO.,2015-05-08,20983041,2014-02-25,CRADLE Mk10 Sz 6/7 LESS HRU,4,597.0
1229,7SPP01,SPP SHIPBUILDING CO.,2015-05-08,5618009,2014-02-25,HYDRO RELEASE 4-100 PERS. MED,4,64.0
1052,7UNI04,GRINDROD MARINE SERVICES -,2014-03-24,8355,2014-01-20,SURVIVA  6TO/ 4/A/3/18/SoLaS,3,1200.0
